topic,rank,keyword,weight
0,1,fraud,0.07299333197188262
0,4,scams,0.02444256084499504
