topic,rank,keyword,weight
0,1,fraud,0.08384177210144424
0,4,scams,0.02691786662919695
