topic,rank,keyword,weight
0,1,fraud,0.0712718862727075
1,6,scam,0.04545951743122392
1,7,scams,0.04131077982326389
2,4,authentication,0.04949264655404251
2,7,secure,0.037343025696472285
2,9,data,0.0357875512349025
3,5,phishing,0.05110247208047879
3,6,fraudaction,0.03850379049096422
3,7,brand,0.03822664602887962
3,9,attacks,0.036286473561091
